{"cameraMode":{"drawMode":0,"name":"Shaded","section":"Shading Mode"},"sceneLighting":true,"audioPlay":false,"sceneViewState":{"m_AlwaysRefresh":false,"showFog":true,"showSkybox":true,"showFlares":true,"showImageEffects":true,"showParticleSystems":true,"showVisualEffectGraphs":true,"m_FxEnabled":true},"in2DMode":false,"pivot":{"x":0.8755067586898804,"y":1.4637126922607422,"z":5.142992973327637},"rotation":{"x":0.014407569542527199,"y":-0.5460718870162964,"z":0.009600299410521984,"w":0.8376951217651367},"size":1.2105908393859864,"orthographic":false}